<?xml version="1.0" encoding="UTF-8" ?>
<!DOCTYPE mapper PUBLIC "-//mybatis.org//DTD Mapper 3.0//EN"
        "http://mybatis.org/dtd/mybatis-3-mapper.dtd">

<mapper namespace="com.fastcampus.app.CommentDao">
    <delete id="deleteAll" parameterType="int">
        DELETE FROM comment
        WHERE  bno = #{bno}
    </delete>

    <select id="count" parameterType="int" resultType="int">
        SELECT count(*) FROM comment
        WHERE  bno = #{bno}
    </select>

    <delete id="delete" parameterType="int">
        DELETE FROM comment WHERE cno = #{cno}
    </delete>

    <insert id="insert" parameterType="CommentDto">
        INSERT INTO comment
            (bno, pcno, comment, commenter, reg_date)
        VALUES
            (#{bno}, #{pcno}, #{comment}, #{commenter}, now())
    </insert>

    <select id="selectAll" parameterType="int" resultType="CommentDto">
        SELECT cno, bno, pcno, comment, commenter, reg_date
        FROM comment
        WHERE bno = #{bno}
        ORDER BY cno ASC
    </select>

    <select id="select" parameterType="int" resultType="CommentDto">
        SELECT cno, bno, pcno, comment, commenter, reg_date
        FROM comment
        WHERE cno = #{cno}
    </select>

    <update id="update" parameterType="CommentDto">
        UPDATE comment
        SET comment = #{comment}
        WHERE cno = #{cno} and commenter = #{commenter}
    </update>
</mapper>