<?xml version="1.0" encoding="UTF-8" ?>
<!DOCTYPE mapper PUBLIC "-//mybatis.org//DTD Mapper 3.0//EN"
        "http://mybatis.org/dtd/mybatis-3-mapper.dtd">

<mapper namespace="com.fastcampus.app.UserDao">
	<select id="select" parameterType="String" resultType="UserDto">
		 select *
		 from user
		 where userId = #{userId}
	</select>
	<insert id="insert" parameterType="UserDto">
		insert into user(userId,userpwd,username,useremail,useraddr1,useraddr2,useraddr3)
		values(#{userId},#{userPwd},#{userName},#{userEmail},#{userAddr1},#{userAddr2},#{userAddr3})
	</insert>
	<select id="selectAll" resultType="UserDto">
		 select *
		 from user
		 order by userId desc
	</select>
	<update id="update" parameterType="UserDto">
        UPDATE user
        SET   userEmail = #{userEmail}
          , userAddr1 = #{userAddr1}
          , userAddr2 = #{userAddr2}
          , userAddr3 = #{userAddr3}
        WHERE userId = #{userId}
    </update>
    <delete id="delete" parameterType="String">
        DELETE FROM user WHERE userId = #{userId}
    </delete>
    <select id="idCheck" resultType="int">
    	select count(*)
    	 from user
    	where userId = #{userId}
  	</select>
</mapper>