<?xml version="1.0" encoding="UTF-8" ?>
<!DOCTYPE mapper PUBLIC "-//mybatis.org//DTD Mapper 3.0//EN"
        "http://mybatis.org/dtd/mybatis-3-mapper.dtd">

<mapper namespace="com.fastcampus.app.UserOrderDao">
	<select id="selectList" parameterType="String" resultType="UserOrderDto">
		 select *
			from userorder
			where userid = #{userId}
	</select>
	<insert id="insert" parameterType="UserOrderDto">
		insert into userorder (userId,orderaddr1,orderaddr2,orderaddr3,ordername,username,pno,amount,productPrice,totalPrice,productName)
			values (#{userId},#{orderAddr1},#{orderAddr2},#{orderAddr3},#{orderName},#{userName},#{pno},#{amount},#{productPrice},#{totalPrice},#{productName})
	</insert>
	<select id="select" parameterType="int" resultType="UserOrderDto">
		select *
		from userorder
		where orderno = #{orderno}
	</select>
	<select id="selectAll" resultType="UserOrderDto">
		select *
		from userorder
		order by reg_date desc
	</select>
	<select id="selectUserOrder" parameterType="String" resultType="UserOrderDto">
		select *
		from userorder
		where userId = #{userId}
		order by reg_date desc
	</select>

	<update id="shipping" parameterType="Integer">
		update userorder
		set state = '배송 중'
		where orderno = #{orderno}
	</update>

</mapper>